first_name,last_name,email,date_of_birth
Alex,Diaz,alex.diaz1@example.com,2006-08-11
Iker,Ramirez,iker.ramirez2@example.com,2006-05-27
Rosa,Flores,rosa.flores3@example.com,2006-05-06
Walter,Castro,walter.castro4@example.com,2006-02-20
Yahir,Flores,yahir.flores5@example.com,2006-05-11
Diana,Rodriguez,diana.rodriguez6@example.com,2006-05-03
Zoe,Castro,zoe.castro7@example.com,2006-06-16
Gabriel,Rodriguez,gabriel.rodriguez8@example.com,2006-03-24
Fatima,Lopez,fatima.lopez9@example.com,2006-02-16
Valeria,Martinez,valeria.martinez10@example.com,2006-11-19
Walter,Diaz,walter.diaz11@example.com,2006-06-21
Tania,Rodriguez,tania.rodriguez12@example.com,2006-11-19
Iker,Rodriguez,iker.rodriguez13@example.com,2006-09-22
Kevin,Rodriguez,kevin.rodriguez14@example.com,2006-04-14
Walter,Torres,walter.torres15@example.com,2006-03-05
Walter,Lopez,walter.lopez16@example.com,2006-09-26
Laura,Ramirez,laura.ramirez17@example.com,2006-04-03
Paula,Rodriguez,paula.rodriguez18@example.com,2006-07-09
Carla,Rodriguez,carla.rodriguez19@example.com,2006-06-11
Diana,Martinez,diana.martinez20@example.com,2006-01-08
Ulysses,Lopez,ulysses.lopez21@example.com,2006-12-08
Julia,Castro,julia.castro22@example.com,2006-05-22
Fatima,Ramirez,fatima.ramirez23@example.com,2006-11-01
Carla,Vega,carla.vega24@example.com,2006-05-02
Alex,Martinez,alex.martinez25@example.com,2006-07-15
Yahir,Flores,yahir.flores26@example.com,2006-03-23
Zoe,Castro,zoe.castro27@example.com,2006-03-02
Ximena,Castro,ximena.castro28@example.com,2006-01-01
Yahir,Gonzalez,yahir.gonzalez29@example.com,2006-05-17
Ben,Perez,ben.perez30@example.com,2006-06-16
Carla,Garcia,carla.garcia31@example.com,2006-04-21
Alex,Vega,alex.vega32@example.com,2006-09-12
Gabriel,Gonzalez,gabriel.gonzalez33@example.com,2006-01-19
Quinn,Garcia,quinn.garcia34@example.com,2006-07-04
Fatima,Sanchez,fatima.sanchez35@example.com,2006-04-17
Fatima,Sanchez,fatima.sanchez36@example.com,2006-09-09
Laura,Castro,laura.castro37@example.com,2006-05-21
Kevin,Reyes,kevin.reyes38@example.com,2006-06-01
Ben,Ramirez,ben.ramirez39@example.com,2006-03-16
Miguel,Perez,miguel.perez40@example.com,2006-11-18
Gabriel,Rodriguez,gabriel.rodriguez41@example.com,2006-07-02
Nora,Rivera,nora.rivera42@example.com,2006-12-10
Samuel,Garcia,samuel.garcia43@example.com,2006-11-01
Diana,Flores,diana.flores44@example.com,2006-12-23
Yahir,Flores,yahir.flores45@example.com,2006-04-18
Samuel,Gonzalez,samuel.gonzalez46@example.com,2006-10-18
Valeria,Lopez,valeria.lopez47@example.com,2006-05-18
Ximena,Rodriguez,ximena.rodriguez48@example.com,2006-12-20
Miguel,Sanchez,miguel.sanchez49@example.com,2006-03-21
Ben,Vega,ben.vega50@example.com,2006-04-12
Nora,Martinez,nora.martinez51@example.com,2006-02-06
Yahir,Torres,yahir.torres52@example.com,2006-09-03
Miguel,Reyes,miguel.reyes53@example.com,2006-09-11
Rosa,Flores,rosa.flores54@example.com,2006-01-20
Ulysses,Perez,ulysses.perez55@example.com,2006-11-10
Julia,Ramirez,julia.ramirez56@example.com,2006-09-17
Paula,Martinez,paula.martinez57@example.com,2006-04-18
Nora,Rodriguez,nora.rodriguez58@example.com,2006-01-22
Laura,Ramirez,laura.ramirez59@example.com,2006-07-12
Omar,Perez,omar.perez60@example.com,2006-09-10
Yahir,Vega,yahir.vega61@example.com,2006-10-28
Miguel,Perez,miguel.perez62@example.com,2006-04-14
Iker,Ramirez,iker.ramirez63@example.com,2006-06-22
Nora,Lopez,nora.lopez64@example.com,2006-06-03
Omar,Flores,omar.flores65@example.com,2006-12-11
Iker,Perez,iker.perez66@example.com,2006-10-07
Gabriel,Perez,gabriel.perez67@example.com,2006-08-06
Nora,Ramirez,nora.ramirez68@example.com,2006-12-03
Ethan,Flores,ethan.flores69@example.com,2006-06-21
Ben,Castro,ben.castro70@example.com,2006-03-13
Miguel,Ramirez,miguel.ramirez71@example.com,2006-03-27
Alex,Flores,alex.flores72@example.com,2006-09-13
Iker,Torres,iker.torres73@example.com,2006-07-22
Diana,Diaz,diana.diaz74@example.com,2006-02-12
Carla,Flores,carla.flores75@example.com,2006-09-05
Alex,Flores,alex.flores76@example.com,2006-10-09
Ximena,Martinez,ximena.martinez77@example.com,2006-08-03
Nora,Diaz,nora.diaz78@example.com,2006-03-14
Tania,Rodriguez,tania.rodriguez79@example.com,2006-06-28
Kevin,Martinez,kevin.martinez80@example.com,2006-08-19
Hannah,Perez,hannah.perez81@example.com,2006-02-03
Nora,Diaz,nora.diaz82@example.com,2006-12-10
Gabriel,Lopez,gabriel.lopez83@example.com,2006-12-22
Zoe,Rodriguez,zoe.rodriguez84@example.com,2006-02-16
Valeria,Perez,valeria.perez85@example.com,2006-08-28
Ulysses,Gonzalez,ulysses.gonzalez86@example.com,2006-12-28
Iker,Torres,iker.torres87@example.com,2006-06-07
Diana,Rivera,diana.rivera88@example.com,2006-04-17
Alex,Lopez,alex.lopez89@example.com,2006-11-27
Kevin,Sanchez,kevin.sanchez90@example.com,2006-01-05
Diana,Vega,diana.vega91@example.com,2006-07-09
Diana,Perez,diana.perez92@example.com,2006-11-17
Tania,Ramirez,tania.ramirez93@example.com,2006-10-13
Ethan,Ramirez,ethan.ramirez94@example.com,2006-11-12
Quinn,Sanchez,quinn.sanchez95@example.com,2006-04-02
Iker,Rodriguez,iker.rodriguez96@example.com,2006-07-20
Quinn,Perez,quinn.perez97@example.com,2006-08-26
Tania,Ramirez,tania.ramirez98@example.com,2006-02-28
Ulysses,Torres,ulysses.torres99@example.com,2006-11-07
Walter,Perez,walter.perez100@example.com,2006-05-27
Julia,Diaz,julia.diaz101@example.com,2006-01-18
Gabriel,Martinez,gabriel.martinez102@example.com,2006-06-12
Miguel,Reyes,miguel.reyes103@example.com,2006-12-16
Alex,Reyes,alex.reyes104@example.com,2006-04-10
Carla,Flores,carla.flores105@example.com,2006-10-25
Miguel,Reyes,miguel.reyes106@example.com,2006-06-27
Diana,Lopez,diana.lopez107@example.com,2006-07-18
Nora,Flores,nora.flores108@example.com,2006-07-12
Ethan,Reyes,ethan.reyes109@example.com,2006-03-27
Quinn,Torres,quinn.torres110@example.com,2006-05-20
Ethan,Ramirez,ethan.ramirez111@example.com,2006-11-08
Nora,Rivera,nora.rivera112@example.com,2006-12-01
Julia,Reyes,julia.reyes113@example.com,2006-12-11
Miguel,Martinez,miguel.martinez114@example.com,2006-09-22
Yahir,Diaz,yahir.diaz115@example.com,2006-05-06
Alex,Ramirez,alex.ramirez116@example.com,2006-09-04
Valeria,Sanchez,valeria.sanchez117@example.com,2006-10-04
Alex,Lopez,alex.lopez118@example.com,2006-12-28
Quinn,Perez,quinn.perez119@example.com,2006-05-18
Paula,Diaz,paula.diaz120@example.com,2006-07-21
